epoch,training_loss,val_loss
0,1.6357919534047445,1.2130482367106847
1,1.0078317974552964,0.9212474397250584
